{
    "schemes": [
        "http"
    ],
    "swagger": "2.0",
    "info": {
        "description": "This is Example API in Go.",
        "title": "Go Boilerplate API",
        "contact": {},
        "version": "1.0"
    },
    "host": "localhost:8000",
    "basePath": "/auth",
    "paths": {
        "/health-check": {
            "get": {
                "consumes": [
                    "application/json"
                ],
                "produces": [
                    "application/json"
                ],
                "tags": [
                    "General"
                ],
                "summary": "Return status of service",
                "responses": {
                    "200": {
                        "description": "OK",
                        "schema": {
                            "type": "object",
                            "additionalProperties": true
                        }
                    }
                }
            }
        },
        "/user/v1/:userID": {
            "put": {
                "description": "Endpoint to update user",
                "consumes": [
                    "application/json"
                ],
                "produces": [
                    "application/json"
                ],
                "tags": [
                    "Update"
                ],
                "summary": "Endpoint to update user",
                "parameters": [
                    {
                        "type": "string",
                        "description": "Client identifier",
                        "name": "X-Client-Id",
                        "in": "header",
                        "required": true
                    },
                    {
                        "type": "string",
                        "description": "Auth Token",
                        "name": "X-Authorization",
                        "in": "header",
                        "required": true
                    },
                    {
                        "description": "Payload",
                        "name": "Payload",
                        "in": "body",
                        "required": true,
                        "schema": {
                            "$ref": "#/definitions/domain.Signup"
                        }
                    }
                ],
                "responses": {
                    "200": {
                        "description": "OK",
                        "schema": {
                            "$ref": "#/definitions/domain.Signup"
                        }
                    },
                    "400": {
                        "description": "Bad Request",
                        "schema": {
                            "type": "string"
                        }
                    },
                    "500": {
                        "description": "Internal Server Error",
                        "schema": {
                            "type": "string"
                        }
                    }
                }
            }
        },
        "/user/v1/login": {
            "post": {
                "description": "Endpoint to login user",
                "consumes": [
                    "application/json"
                ],
                "produces": [
                    "application/json"
                ],
                "tags": [
                    "Login"
                ],
                "summary": "Endpoint to login user",
                "parameters": [
                    {
                        "type": "string",
                        "description": "Client identifier",
                        "name": "X-Client-Id",
                        "in": "header",
                        "required": true
                    },
                    {
                        "description": "Payload",
                        "name": "Payload",
                        "in": "body",
                        "required": true,
                        "schema": {
                            "$ref": "#/definitions/domain.Login"
                        }
                    }
                ],
                "responses": {
                    "200": {
                        "description": "OK",
                        "schema": {
                            "$ref": "#/definitions/domain.LoginResponse"
                        }
                    },
                    "401": {
                        "description": "Unauthorized",
                        "schema": {
                            "$ref": "#/definitions/domain.LoginResponse"
                        }
                    }
                }
            }
        },
        "/user/v1/register": {
            "post": {
                "description": "Endpoint to register user",
                "consumes": [
                    "application/json"
                ],
                "produces": [
                    "application/json"
                ],
                "tags": [
                    "Register"
                ],
                "summary": "Endpoint to signup user",
                "parameters": [
                    {
                        "type": "string",
                        "description": "Client identifier",
                        "name": "X-Client-Id",
                        "in": "header",
                        "required": true
                    },
                    {
                        "description": "Payload",
                        "name": "Payload",
                        "in": "body",
                        "required": true,
                        "schema": {
                            "$ref": "#/definitions/domain.Signup"
                        }
                    }
                ],
                "responses": {
                    "200": {
                        "description": "OK",
                        "schema": {
                            "$ref": "#/definitions/domain.Signup"
                        }
                    },
                    "400": {
                        "description": "Bad Request",
                        "schema": {
                            "type": "string"
                        }
                    }
                }
            }
        }
    },
    "definitions": {
        "domain.Login": {
            "type": "object",
            "required": [
                "email",
                "password"
            ],
            "properties": {
                "email": {
                    "type": "string"
                },
                "password": {
                    "type": "string"
                }
            }
        },
        "domain.LoginResponse": {
            "type": "object",
            "properties": {
                "message": {
                    "type": "string"
                },
                "token": {
                    "type": "string"
                }
            }
        },
        "domain.Signup": {
            "type": "object",
            "required": [
                "email",
                "name",
                "password"
            ],
            "properties": {
                "birthDate": {
                    "type": "string"
                },
                "email": {
                    "type": "string"
                },
                "name": {
                    "type": "string"
                },
                "password": {
                    "type": "string"
                }
            }
        }
    },
    "x-extension-openapi": {
        "example": "value on a json format"
    }
}